Workbook

Sheet Inputs
A1: INPUTS: Change yellow cells only. All other tabs update automatically.
A2: Partner | B2: Scenario | C2: Metric | D2: 2024-07 | E2: 2024-08 | F2: 2024-09 | G2: 2024-10 | H2: 2024-11 | I2: 2024-12
A3: ShopBase | B3: Downside | C3: Leads | D3: 192 | E3: 192 | F3: 192 | G3: 192 | H3: 192 | I3: 192
A4: ShopBase | B4: Downside | C4: Conversion | D4: 0.3206 | E4: 0.3206 | F4: 0.3206 | G4: 0.3206 | H4: 0.3206 | I4: 0.3206
A5: ShopBase | B5: Downside | C5: Avg Amount | D5: 14760 | E5: 14760 | F5: 14760 | G5: 14760 | H5: 14760 | I5: 14760
A6: ShopBase | B6: Base | C6: Leads | D6: 214 | E6: 214 | F6: 214 | G6: 214 | H6: 214 | I6: 214
A7: ShopBase | B7: Base | C7: Conversion | D7: 0.3562 | E7: 0.3562 | F7: 0.3562 | G7: 0.3562 | H7: 0.3562 | I7: 0.3562
A8: ShopBase | B8: Base | C8: Avg Amount | D8: 14760 | E8: 14760 | F8: 14760 | G8: 14760 | H8: 14760 | I8: 14760
A9: ShopBase | B9: Upside | C9: Leads | D9: 235 | E9: 235 | F9: 235 | G9: 235 | H9: 235 | I9: 235
A10: ShopBase | B10: Upside | C10: Conversion | D10: 0.3919 | E10: 0.3919 | F10: 0.3919 | G10: 0.3919 | H10: 0.3919 | I10: 0.3919
A11: ShopBase | B11: Upside | C11: Avg Amount | D11: 14760 | E11: 14760 | F11: 14760 | G11: 14760 | H11: 14760 | I11: 14760
A12: MarketHub | B12: Downside | C12: Leads | D12: 146 | E12: 146 | F12: 146 | G12: 146 | H12: 146 | I12: 146
A13: MarketHub | B13: Downside | C13: Conversion | D13: 0.2666 | E13: 0.2666 | F13: 0.2666 | G13: 0.2666 | H13: 0.2666 | I13: 0.2666
A14: MarketHub | B14: Downside | C14: Avg Amount | D14: 14278 | E14: 14278 | F14: 14278 | G14: 14278 | H14: 14278 | I14: 14278
... A29: RetailCloud | B29: Upside | C29: Avg Amount | D29: 15922 | E29: 15922 | F29: 15922 | G29: 15922 | H29: 15922 | I29: 15922

Sheet Forecast
A1: FORECAST: Calculated from Inputs tab. Do not edit.
A2: Partner | B2: Scenario | C2: Metric | D2: 2024-07 | E2: 2024-08 | F2: 2024-09 | G2: 2024-10 | H2: 2024-11 | I2: 2024-12
A3: ShopBase | B3: Downside | C3: Volume | D3: =Inputs!D3*Inputs!D4*Inputs!D5 -> 908554.75 | E3: =Inputs!E3*Inputs!E4*Inputs!E5 -> 908554.75 | F3: =Inputs!F3*Inputs!F4*Inputs!F5 -> 908554.75 | G3: =Inputs!G3*Inputs!G4*Inputs!G5 -> 908554.75 | H3: =Inputs!H3*Inputs!H4*Inputs!H5 -> 908554.75 | I3: =Inputs!I3*Inputs!I4*Inputs!I5 -> 908554.75
A4: ShopBase | B4: Downside | C4: Revenue | D4: =D3*0.237 -> 215327.48 | E4: =E3*0.237 -> 215327.48 | F4: =F3*0.237 -> 215327.48 | G4: =G3*0.237 -> 215327.48 | H4: =H3*0.237 -> 215327.48 | I4: =I3*0.237 -> 215327.48
A5: ShopBase | B5: Base | C5: Volume | D5: =Inputs!D6*Inputs!D7*Inputs!D8 -> 1125107.6 | E5: =Inputs!E6*Inputs!E7*Inputs!E8 -> 1125107.6 | F5: =Inputs!F6*Inputs!F7*Inputs!F8 -> 1125107.6 | G5: =Inputs!G6*Inputs!G7*Inputs!G8 -> 1125107.6 | H5: =Inputs!H6*Inputs!H7*Inputs!H8 -> 1125107.6 | I5: =Inputs!I6*Inputs!I7*Inputs!I8 -> 1125107.6
A6: ShopBase | B6: Base | C6: Revenue | D6: =D5*0.237 -> 266650.49 | E6: =E5*0.237 -> 266650.49 | F6: =F5*0.237 -> 266650.49 | G6: =G5*0.237 -> 266650.49 | H6: =H5*0.237 -> 266650.49 | I6: =I5*0.237 -> 266650.49
A7: ShopBase | B7: Upside | C7: Volume | D7: =Inputs!D9*Inputs!D10*Inputs!D11 -> 1359344.3 | E7: =Inputs!E9*Inputs!E10*Inputs!E11 -> 1359344.3 | F7: =Inputs!F9*Inputs!F10*Inputs!F11 -> 1359344.3 | G7: =Inputs!G9*Inputs!G10*Inputs!G11 -> 1359344.3 | H7: =Inputs!H9*Inputs!H10*Inputs!H11 -> 1359344.3 | I7: =Inputs!I9*Inputs!I10*Inputs!I11 -> 1359344.3
A8: ShopBase | B8: Upside | C8: Revenue | D8: =D7*0.237 -> 322164.61 | E8: =E7*0.237 -> 322164.61 | F8: =F7*0.237 -> 322164.61 | G8: =G7*0.237 -> 322164.61 | H8: =H7*0.237 -> 322164.61 | I8: =I7*0.237 -> 322164.61
A9: MarketHub | B9: Downside | C9: Volume | D9: =Inputs!D12*Inputs!D13*Inputs!D14 -> 555751.16 | E9: =Inputs!E12*Inputs!E13*Inputs!E14 -> 555751.16 | F9: =Inputs!F12*Inputs!F13*Inputs!F14 -> 555751.16 | G9: =Inputs!G12*Inputs!G13*Inputs!G14 -> 555751.16 | H9: =Inputs!H12*Inputs!H13*Inputs!H14 -> 555751.16 | I9: =Inputs!I12*Inputs!I13*Inputs!I14 -> 555751.16
A10: MarketHub | B10: Downside | C10: Revenue | D10: =D9*0.237 -> 131713.03 | E10: =E9*0.237 -> 131713.03 | F10: =F9*0.237 -> 131713.03 | G10: =G9*0.237 -> 131713.03 | H10: =H9*0.237 -> 131713.03 | I10: =I9*0.237 -> 131713.03
A11: MarketHub | B11: Base | C11: Volume | D11: =Inputs!D15*Inputs!D16*Inputs!D17 -> 685121.26 | E11: =Inputs!E15*Inputs!E16*Inputs!E17 -> 685121.26 | F11: =Inputs!F15*Inputs!F16*Inputs!F17 -> 685121.26 | G11: =Inputs!G15*Inputs!G16*Inputs!G17 -> 685121.26 | H11: =Inputs!H15*Inputs!H16*Inputs!H17 -> 685121.26 | I11: =Inputs!I15*Inputs!I16*Inputs!I17 -> 685121.26
A12: MarketHub | B12: Base | C12: Revenue | D12: =D11*0.237 -> 162373.74 | E12: =E11*0.237 -> 162373.74 | F12: =F11*0.237 -> 162373.74 | G12: =G11*0.237 -> 162373.74 | H12: =H11*0.237 -> 162373.74 | I12: =I11*0.237 -> 162373.74
A13: MarketHub | B13: Upside | C13: Volume | D13: =Inputs!D18*Inputs!D19*Inputs!D20 -> 832667.26 | E13: =Inputs!E18*Inputs!E19*Inputs!E20 -> 832667.26 | F13: =Inputs!F18*Inputs!F19*Inputs!F20 -> 832667.26 | G13: =Inputs!G18*Inputs!G19*Inputs!G20 -> 832667.26 | H13: =Inputs!H18*Inputs!H19*Inputs!H20 -> 832667.26 | I13: =Inputs!I18*Inputs!I19*Inputs!I20 -> 832667.26
A14: MarketHub | B14: Upside | C14: Revenue | D14: =D13*0.237 -> 197342.14 | E14: =E13*0.237 -> 197342.14 | F14: =F13*0.237 -> 197342.14 | G14: =G13*0.237 -> 197342.14 | H14: =H13*0.237 -> 197342.14 | I14: =I13*0.237 -> 197342.14
A15: RetailCloud | B15: Downside | C15: Volume | D15: =Inputs!D21*Inputs!D22*Inputs!D23 -> 539717.59 | E15: =Inputs!E21*Inputs!E22*Inputs!E23 -> 539717.59 | F15: =Inputs!F21*Inputs!F22*Inputs!F23 -> 539717.59 | G15: =Inputs!G21*Inputs!G22*Inputs!G23 -> 539717.59 | H15: =Inputs!H21*Inputs!H22*Inputs!H23 -> 539717.59 | I15: =Inputs!I21*Inputs!I22*Inputs!I23 -> 539717.59
A16: RetailCloud | B16: Downside | C16: Revenue | D16: =D15*0.237 -> 127913.07 | E16: =E15*0.237 -> 127913.07 | F16: =F15*0.237 -> 127913.07 | G16: =G15*0.237 -> 127913.07 | H16: =H15*0.237 -> 127913.07 | I16: =I15*0.237 -> 127913.07
A17: RetailCloud | B17: Base | C17: Volume | D17: =Inputs!D24*Inputs!D25*Inputs!D26 -> 666940.74 | E17: =Inputs!E24*Inputs!E25*Inputs!E26 -> 666940.74 | F17: =Inputs!F24*Inputs!F25*Inputs!F26 -> 666940.74 | G17: =Inputs!G24*Inputs!G25*Inputs!G26 -> 666940.74 | H17: =Inputs!H24*Inputs!H25*Inputs!H26 -> 666940.74 | I17: =Inputs!I24*Inputs!I25*Inputs!I26 -> 666940.74
A18: RetailCloud | B18: Base | C18: Revenue | D18: =D17*0.237 -> 158064.95 | E18: =E17*0.237 -> 158064.95 | F18: =F17*0.237 -> 158064.95 | G18: =G17*0.237 -> 158064.95 | H18: =H17*0.237 -> 158064.95 | I18: =I17*0.237 -> 158064.95
A19: RetailCloud | B19: Upside | C19: Volume | D19: =Inputs!D27*Inputs!D28*Inputs!D29 -> 807614.79 | E19: =Inputs!E27*Inputs!E28*Inputs!E29 -> 807614.79 | F19: =Inputs!F27*Inputs!F28*Inputs!F29 -> 807614.79 | G19: =Inputs!G27*Inputs!G28*Inputs!G29 -> 807614.79 | H19: =Inputs!H27*Inputs!H28*Inputs!H29 -> 807614.79 | I19: =Inputs!I27*Inputs!I28*Inputs!I29 -> 807614.79
A20: RetailCloud | B20: Upside | C20: Revenue | D20: =D19*0.237 -> 191404.71 | E20: =E19*0.237 -> 191404.71 | F20: =F19*0.237 -> 191404.71 | G20: =G19*0.237 -> 191404.71 | H20: =H19*0.237 -> 191404.71 | I20: =I19*0.237 -> 191404.71
A21: ALL PARTNERS | B21: Downside | C21: Total Volume | D21: =D3+D9+D15 -> 2004023.5 | E21: =E3+E9+E15 -> 2004023.5 | F21: =F3+F9+F15 -> 2004023.5 | G21: =G3+G9+G15 -> 2004023.5 | H21: =H3+H9+H15 -> 2004023.5 | I21: =I3+I9+I15 -> 2004023.5
A22: ALL PARTNERS | B22: Base | C22: Total Volume | D22: =D5+D11+D17 -> 2477169.6 | E22: =E5+E11+E17 -> 2477169.6 | F22: =F5+F11+F17 -> 2477169.6 | G22: =G5+G11+G17 -> 2477169.6 | H22: =H5+H11+H17 -> 2477169.6 | I22: =I5+I11+I17 -> 2477169.6
A23: ALL PARTNERS | B23: Upside | C23: Total Volume | D23: =D7+D13+D19 -> 2999626.4 | E23: =E7+E13+E19 -> 2999626.4 | F23: =F7+F13+F19 -> 2999626.4 | G23: =G7+G13+G19 -> 2999626.4 | H23: =H7+H13+H19 -> 2999626.4 | I23: =I7+I13+I19 -> 2999626.4

Sheet Variance Tracker
A1: VARIANCE TRACKER: Enter actuals in yellow cells as each month closes.
A2: Month | B2: Partner | C2: Base Forecast | D2: Actual Volume | E2: Variance (£) | F2: Variance (%) | G2: Status
A3: 2024-07 | B3: ShopBase | C3: =Forecast!D5 -> 1125107.6 | E3: =IF(D3="","",D3-C3) | F3: =IF(D3="","",D3/C3-1) | G3: =IF(D3="","Pending",IF(F3>=-0.05,"On Track",IF(F3>=-0.15,"Watch","Off Track"))) -> Pending
A4: 2024-07 | B4: MarketHub | C4: =Forecast!D11 -> 685121.26 | E4: =IF(D4="","",D4-C4) | F4: =IF(D4="","",D4/C4-1) | G4: =IF(D4="","Pending",IF(F4>=-0.05,"On Track",IF(F4>=-0.15,"Watch","Off Track"))) -> Pending
A5: 2024-07 | B5: RetailCloud | C5: =Forecast!D17 -> 666940.74 | E5: =IF(D5="","",D5-C5) | F5: =IF(D5="","",D5/C5-1) | G5: =IF(D5="","Pending",IF(F5>=-0.05,"On Track",IF(F5>=-0.15,"Watch","Off Track"))) -> Pending
A6: 2024-08 | B6: ShopBase | C6: =Forecast!E5 -> 1125107.6 | E6: =IF(D6="","",D6-C6) | F6: =IF(D6="","",D6/C6-1) | G6: =IF(D6="","Pending",IF(F6>=-0.05,"On Track",IF(F6>=-0.15,"Watch","Off Track"))) -> Pending
A7: 2024-08 | B7: MarketHub | C7: =Forecast!E11 -> 685121.26 | E7: =IF(D7="","",D7-C7) | F7: =IF(D7="","",D7/C7-1) | G7: =IF(D7="","Pending",IF(F7>=-0.05,"On Track",IF(F7>=-0.15,"Watch","Off Track"))) -> Pending
A8: 2024-08 | B8: RetailCloud | C8: =Forecast!E17 -> 666940.74 | E8: =IF(D8="","",D8-C8) | F8: =IF(D8="","",D8/C8-1) | G8: =IF(D8="","Pending",IF(F8>=-0.05,"On Track",IF(F8>=-0.15,"Watch","Off Track"))) -> Pending
A9: 2024-09 | B9: ShopBase | C9: =Forecast!F5 -> 1125107.6 | E9: =IF(D9="","",D9-C9) | F9: =IF(D9="","",D9/C9-1) | G9: =IF(D9="","Pending",IF(F9>=-0.05,"On Track",IF(F9>=-0.15,"Watch","Off Track"))) -> Pending
A10: 2024-09 | B10: MarketHub | C10: =Forecast!F11 -> 685121.26 | E10: =IF(D10="","",D10-C10) | F10: =IF(D10="","",D10/C10-1) | G10: =IF(D10="","Pending",IF(F10>=-0.05,"On Track",IF(F10>=-0.15,"Watch","Off Track"))) -> Pending
A11: 2024-09 | B11: RetailCloud | C11: =Forecast!F17 -> 666940.74 | E11: =IF(D11="","",D11-C11) | F11: =IF(D11="","",D11/C11-1) | G11: =IF(D11="","Pending",IF(F11>=-0.05,"On Track",IF(F11>=-0.15,"Watch","Off Track"))) -> Pending
A12: 2024-10 | B12: ShopBase | C12: =Forecast!G5 -> 1125107.6 | E12: =IF(D12="","",D12-C12) | F12: =IF(D12="","",D12/C12-1) | G12: =IF(D12="","Pending",IF(F12>=-0.05,"On Track",IF(F12>=-0.15,"Watch","Off Track"))) -> Pending
A13: 2024-10 | B13: MarketHub | C13: =Forecast!G11 -> 685121.26 | E13: =IF(D13="","",D13-C13) | F13: =IF(D13="","",D13/C13-1) | G13: =IF(D13="","Pending",IF(F13>=-0.05,"On Track",IF(F13>=-0.15,"Watch","Off Track"))) -> Pending
A14: 2024-10 | B14: RetailCloud | C14: =Forecast!G17 -> 666940.74 | E14: =IF(D14="","",D14-C14) | F14: =IF(D14="","",D14/C14-1) | G14: =IF(D14="","Pending",IF(F14>=-0.05,"On Track",IF(F14>=-0.15,"Watch","Off Track"))) -> Pending
A15: 2024-11 | B15: ShopBase | C15: =Forecast!H5 -> 1125107.6 | E15: =IF(D15="","",D15-C15) | F15: =IF(D15="","",D15/C15-1) | G15: =IF(D15="","Pending",IF(F15>=-0.05,"On Track",IF(F15>=-0.15,"Watch","Off Track"))) -> Pending
A16: 2024-11 | B16: MarketHub | C16: =Forecast!H11 -> 685121.26 | E16: =IF(D16="","",D16-C16) | F16: =IF(D16="","",D16/C16-1) | G16: =IF(D16="","Pending",IF(F16>=-0.05,"On Track",IF(F16>=-0.15,"Watch","Off Track"))) -> Pending
A17: 2024-11 | B17: RetailCloud | C17: =Forecast!H17 -> 666940.74 | E17: =IF(D17="","",D17-C17) | F17: =IF(D17="","",D17/C17-1) | G17: =IF(D17="","Pending",IF(F17>=-0.05,"On Track",IF(F17>=-0.15,"Watch","Off Track"))) -> Pending
A18: 2024-12 | B18: ShopBase | C18: =Forecast!I5 -> 1125107.6 | E18: =IF(D18="","",D18-C18) | F18: =IF(D18="","",D18/C18-1) | G18: =IF(D18="","Pending",IF(F18>=-0.05,"On Track",IF(F18>=-0.15,"Watch","Off Track"))) -> Pending
A19: 2024-12 | B19: MarketHub | C19: =Forecast!I11 -> 685121.26 | E19: =IF(D19="","",D19-C19) | F19: =IF(D19="","",D19/C19-1) | G19: =IF(D19="","Pending",IF(F19>=-0.05,"On Track",IF(F19>=-0.15,"Watch","Off Track"))) -> Pending
A20: 2024-12 | B20: RetailCloud | C20: =Forecast!I17 -> 666940.74 | E20: =IF(D20="","",D20-C20) | F20: =IF(D20="","",D20/C20-1) | G20: =IF(D20="","Pending",IF(F20>=-0.05,"On Track",IF(F20>=-0.15,"Watch","Off Track"))) -> Pending
